1	Party	FirstName	LastName	District	Inc	Reg	Gender	YOB	Website	Headshot+I:I
2	UCP	Sayid	Ahmed	Edmonton-Decore	Yes	Yes	M		/nominated-candidates/sayid-ahmed/	/wp-content/uploads/elementor/thumbs/Sayid-1-e1681592471626-q52fc1zmhkgrrnz1d17nfyjfrzhgt2tpqzy3m5z7y8.jpg
3	NDP	Nagwan	Al-Guneid	Calgary-Glenmore	No	Yes	F		//nagwanalguneid.albertandp.ca/	https://www.albertandp.ca/sites/default/files/headshots/nagwan-al-guneid-abndp-website-photo_0.jpg
4	UCP	Mickey	Amery	Calgary-Cross	Yes	Yes	M		/mickey-amery/	/wp-content/uploads/2019/10/amery_website_headshot2.png
5	AP	Glen	Andersen	Bonnyville-Cold Lake-St. Paul	No	No	M			
6	UCP	Joseph	Angeles	Edmonton-South	Yes	Yes	M			
7	NDP	Rajesh	Angral	Calgary-North	No	Yes	M		//rajeshangral.albertandp.ca	https://www.albertandp.ca/sites/default/files/headshots/candidate-png-website-1000x1000-rajesh-angral.png
8	NDP	Brooks	Arcand-Paul	Edmonton-West Henday	No	Yes	M		//brooksarcandpaul.albertandp.ca	https://www.albertandp.ca/sites/default/files/headshots/brooks-arcand-paul-abndp-website-photo_0.jpg
9	NDP	Dustin	Archibald	Grande Prairie-Wapiti	No	Yes	M		//dustinarchibald.albertandp.ca	
10	UCP	Jackie	Armstrong-Homeniuk	Fort Saskatchewan-Vegreville	Yes	Yes	F		/jackie-armstrong-homeniuk/	/wp-content/uploads/2019/10/armstrong_homeniuk_website_headshot2.png
11	UCP	Kuhn	Astrid	Calgary-Buffalo	No	No	F			
12	UCP	Raman	Athwal	Edmonton-Mill Woods	No	Yes				
13	AP	Jason	Avramenko	Calgary-Currie	no	Yes	M			
14	NDP	Michelle	Baer	Red Deer-South	No	Yes	F		//michellebaer.albertandp.ca	https://www.albertandp.ca/sites/default/files/headshots/baer-cropped.png
15	Lib	Abdikarim 	Bakal	Edmonton-Mill Woods	No	No	M			
16	IND	Jody	Balanko	Strathcona-Sherwood Park	No	No				
17	GPA	Jayden	Baldonado	Calgary-East	no	Yes	M		https://www.greenpartyofalberta.ca/calgary_east	https://assets.nationbuilder.com/gpa/pages/152/attachments/original/1674904600/Jayden_Baldonado.png
18	IND	Funke	Banjoko	Fort McMurray-Wood Buffalo	No	No	F			https://media.socastsrm.com/wordpress/wp-content/blogs.dir/348/files/2021/05/funke-banjoko.jpg
19	WLC	Nan	Barron	Calgary-Edgemont	No	Yes	F			
20	UCP	Ranjit	Bath	Edmonton-Ellerslie	No	No	M			
21	NDP	Diana	Batten	Calgary-Acadia	No	Yes	F		//dianabatten.albertandp.ca	https://www.albertandp.ca/sites/default/files/headshots/diana-batten-abndp-website-photo_0.jpg
22	GPA	Tyler	Beaulac	Edmonton-North West	No	No	M		https://www.greenpartyofalberta.ca/edmonton_north_west	https://assets.nationbuilder.com/gpa/pages/183/attachments/original/1678944038/Tyler_Beaulac_.png
23	GPA	Paul	Bechtold	Calgary-Acadia	No	No	M			
24	CP-A	Corrine	Benson	Edmonton-Meadows	No	Yes	F		https://www.communistparty-alberta.ca/	
25	UCP	Miles	Berry	Edmonton-Gold Bar	No	Yes	M			
26	IPA	Brooklyn	Biegel	Grande Prairie-Wapiti	No	No	F			
27	Lib	Dan	Bildhauer	Edmonton-West Henday	No	No	M			
28	GPA	Daniel	Birrell	Spruce Grove-Stony Plain	No	Yes	M		https://www.greenpartyofalberta.ca/spruce_grove_stony_plain	https://assets.nationbuilder.com/gpa/pages/177/attachments/original/1678943058/Daniel_Birrell_.png
29	NDP	Caitlyn	Blake	Bonnyville-Cold Lake-St. Paul	No	Yes	F		//caitlynblake.albertandp.ca	https://www.albertandp.ca/sites/default/files/headshots/blake-cropped.png
30	IND	Bob	Blayone	Camrose	No	No	M			
31	UCP	Andrew	Boitchenko	Drayton Valley-Devon	Yes	Yes	M			
32	IPA	Cody Ray	Both	Cypress-Medicine Hat	No	No	M			
33	UCP	Eric	Bouchard	Calgary-Lougheed	No	Yes	M			
34	NDP	Rebecca	Bounsall	Calgary-Fish Creek	no	Yes	F		//rebeccabounsall.albertandp.ca	https://www.albertandp.ca/sites/default/files/headshots/rebecca-bounsall-abndp-website-photo.jpg
35	IPA	Rodney	Bowen	Central Peace-Notley	No	No	M			
36	GPA	Regan	Boychuk	Banff-Kananaskis	No	Yes	M		https://www.greenpartyofalberta.ca/banff-kananaskis	https://assets.nationbuilder.com/gpa/pages/146/attachments/original/1674887596/Regan_Announce_%281%29.png
37	WLC	Paul	Brake	Edmonton-West Henday	No	No	M			
38	NDP	Gurinder	Brar	Calgary-North East	No	Yes	M		//gurinderbrar.albertandp.ca	https://www.albertandp.ca/sites/default/files/headshots/brar-cropped4.png
39	IPA	David	Braun	Grande Prairie	No	No	M			
40	WLC	Change	Brayford	Grande Prairie	No	No				
41	NDP	Richard	Bruneau	Camrose	no	Yes	M		//richardbruneau.albertandp.ca	https://www.albertandp.ca/sites/default/files/headshots/richard-bruneau-abndp-website-photo_0.jpg
42	NDP	Vance	Buchwald	Rimbey-Rocky Mountain House-Sundre	No	Yes	M		//vancebuchwald.albertandp.ca	https://www.albertandp.ca/sites/default/files/headshots/candidate-png-website-1000x1000-vance-buchwald.png
43	APA	Marilyn	Burns	Lac Ste Anne-Parkland	No	Yes	F			
44	NDP	Jodi	Calahoo Stonehouse	Edmonton-Rutherford	No	Yes	F		//jodicalahoostonehouse.albertandp.ca	https://www.albertandp.ca/sites/default/files/headshots/jodi-calahoo-stonehouse-abndp-website-photo.jpg
45	GPA	Tigra-Lee	Campbell	Vermilion-Lloydminster-Wainwright	No	Yes	F		https://www.greenpartyofalberta.ca/vermilion_lloydminster_wainwright	https://assets.nationbuilder.com/gpa/pages/186/attachments/original/1678944339/Tigra-Lee_Campbell.png
46	NDP	Oneil	Carlier	Lac Ste Anne-Parkland	No	Yes	M		//oneilcarlier.albertandp.ca	https://www.albertandp.ca/sites/default/files/headshots/carlier-cropped.png
47	NDP	Joe	Ceci	Calgary-Buffalo	Yes	Yes	M		//joececi.albertandp.ca	https://www.albertandp.ca/sites/default/files/headshots/ceci-cropped.png
48	NDP	Tanika	Chaisson	Fort McMurray-Wood Buffalo	No	Yes	F		//tanikachaisson.albertandp.ca	
49	NDP	Joan	Chand'oiseau	Calgary-West	No	Yes	F		//joanchandoiseau.albertandp.ca	https://www.albertandp.ca/sites/default/files/headshots/chandoiseau-cropped.png
50	NDP	Amanda	Chapman	Calgary-Beddington	No	Yes	F		//amandachapman.albertandp.ca	https://www.albertandp.ca/sites/default/files/headshots/amanda-chapman-abndp-website-photo.jpg
51	Lib	Patricia	Chizek	Lethbridge-West	No	Yes	F			
52	AP	Myles	Chykerda	Lacombe-Ponoka	No	No	M			
53	NDP	Megan	Ciurysek	Central Peace-Notley	No	Yes	F		//meganciurysek.albertandp.ca	https://www.albertandp.ca/sites/default/files/headshots/megan-ciurysek-png-website-1000x1000.png
54	GPA	David	Clarke	Edmonton-City Centre	No	No	M			
55	NDP	David	Cloutier	Calgary-Shaw	No	Yes	M		//davidcloutier.albertandp.ca	https://www.albertandp.ca/sites/default/files/headshots/david-cloutier-abndp-website-photo.jpg
56	UCP	Nathan	Cooper	Olds-Didsbury-Three Hills	Yes	Yes	M		/nathan-cooper/	/wp-content/uploads/2019/10/cooper_website_headshot2.png
57	UCP	Jason	Copping	Calgary-Varsity	Yes	Yes	M		/jason-copping/	/wp-content/uploads/2019/10/copping_website_headshot1.png
58	WLC	Arnaud	Couleard	Edmonton-South	No	No	M			
59	UCP	Melissa	Crane	Edmonton-Glenora	No	Yes	F			
60	UCP	Slava	Cravcenko	Edmonton-West Henday	No	Yes	M			
61	GPA	Jeff	Cullihall	Edmonton-South West	No	No	M		https://www.greenpartyofalberta.ca/edmonton_south_west	
62	AP	Kerry	Cundal	Calgary-Elbow	no	Yes	F			
63	UCP	Scott	Cyr	Bonnyville-Cold Lake-St. Paul	Yes	Yes	M			
64	NDP	Lorne	Dach	Edmonton-McClung	Yes	Yes	M		//lornedach.albertandp.ca	https://www.albertandp.ca/sites/default/files/headshots/dach-cropped.png
65	NDP	Dave	Dale	Lacombe-Ponoka	Yes	Yes	M		//davedale.albertandp.ca	https://www.albertandp.ca/sites/default/files/headshots/dale-cropped.png
66	WLC	Oaklan	Davidsen	Calgary-Varsity	No	Yes	M			
67	UCP	Christopher	Davis	Calgary-Elbow	No	Yes	M			
68	UCP	Chantelle	de Jonge	Chestermere-Strathmore	No	Yes			https://chantelledejonge.ucp2023.ca/	/wp-content/uploads/sites/67/2023/03/deJonge.png
69	NDP	Jasvir	Deol	Edmonton-Meadows	Yes	Yes	M		//jasvirdeol.albertandp.ca	https://www.albertandp.ca/sites/default/files/headshots/deol-cropped.png
70	GPA	Shane	Diecerich	Grande Prairie	No	No	M			
71	GPA	Vanessa	Diehl	Lac Ste Anne-Parkland	No	Yes	F		Not listed	
72	NDP	Gwendoline	Dirk	Brooks-Medicine Hat	No	Yes	F		//gwendolinedirk.albertandp.ca	https://www.albertandp.ca/sites/default/files/headshots/gwendoline-dirk-abndp-website-photo.jpg
73	UCP	Devin	Dreeshen	Innisfail-Sylvan Lake	Yes	Yes	M		/devin-dreeshen/	/wp-content/uploads/2019/10/dreeshen_website_headshot1.png
74	GPA	Kenneth	Drysdale	Calgary-Klein	No	No	M		https://www.greenpartyofalberta.ca/calgary_klein	https://assets.nationbuilder.com/gpa/pages/180/attachments/original/1678943706/Kenneth_Drysdale.png
75	AP	Darrel	Dunn	Vermilion-Lloydminster-Wainwright	No	Yes	M			
76	UCP	Nolan	Dyck	Grande Prairie	Yes	Yes	M			
77	UCP	Jon	Dziadyk	Edmonton-Castle Downs	No	Yes	M			
78	NDP	David	Eggen	Edmonton-North West	Yes	Yes	M		//davideggen.albertandp.ca	https://www.albertandp.ca/sites/default/files/headshots/eggen-cropped.png
79	NDP	Court	Ellingson	Calgary-Foothills	no	Yes	M		//courtellingson.albertandp.ca	https://www.albertandp.ca/sites/default/files/headshots/ellingson-cropped.png
80	UCP	Mike	Ellis	Calgary-West	Yes	Yes	M		/mike-ellis/	/wp-content/uploads/2019/10/ellis_website_headshot1.png
81	NDP	Sarah	Elmeligi	Banff-Kananaskis	No	Yes	F		//sarahelmeligi.albertandp.ca	https://www.albertandp.ca/sites/default/files/headshots/sarah-elmeligi-abndp-website-photo_1.jpg
82	UCP	Emad	El-Zein	Edmonton-Strathcona	No	Yes				
83	WLC	Patricia	Engebreton	Edmonton-Beverly-Clareview	No	No	F			
84	NDP	Janet	Eremenko	Calgary-Currie	no	Yes	F		//janeteremenko.albertandp.ca	https://www.albertandp.ca/sites/default/files/headshots/janet-eremenko-abndp-website-photo.jpg
85	NDP	Druh	Farrell	Calgary-Bow	No	Yes	F		//druhfarrell.albertandp.ca	https://www.albertandp.ca/sites/default/files/headshots/farrell_0.png
86	UCP	Tanya	Fir	Calgary-Peigan	Yes	Yes	F		/tanya-fir/	/wp-content/uploads/2019/10/fir_website_headshot1.png
87	NDP	Dawn	Flaata	Vermilion-Lloydminster-Wainwright	No	Yes	F		//dawnflaata.albertandp.ca	https://www.albertandp.ca/sites/default/files/headshots/flaata-cropped.png
88	IND	Kathy	Flett	Fort Saskatchewan-Vegreville	No	No	F			
89	WLC	Christopher	Flickinger	Innisfail-Sylvan Lake	No	No	M			
90	NDP	Shaun	Fluker	Airdrie-Cochrane	No	Yes	M		//shaunfluker.albertandp.ca	https://www.albertandp.ca/sites/default/files/headshots/shaun-fluker-abndp-website-photo.jpg
91	NDP	Juliet	Franklin	Drumheller-Stettler	No	Yes	F		//julietfranklin.albertandp.ca	https://www.albertandp.ca/sites/default/files/headshots/candidate-png-website-1000x1000-juliet-franklin.png
92	AP	Brad	Friesen	Fort McMurray-Wood Buffalo	No	Yes	M			
93	GPA	Justin	Fuss	Maskwacis-Wetaskiwin	No	Yes	M			
94	NDP	Kathleen	Ganley	Calgary-Mountain View	Yes	Yes	F		//kathleenganley.albertandp.ca	https://www.albertandp.ca/sites/default/files/headshots/kathleen-ganley-abndp-website-photo.jpg
95	WLC	Jennifer	Garn	Edmonton-Glenora	No	No	F			
96	GPA	Robin	George	Edmonton-Riverview	No	Yes	M		https://www.greenpartyofalberta.ca/edmonton_riverview	
97	UCP	Shane	Getson	Lac Ste. Anne-Parkland	Yes	Yes	M		/shane-getson/	/wp-content/uploads/2019/10/getson_website_headshot1.png
98	GPA	Michelle	Giles	Airdrie-Cochrane	No	Yes	F		https://www.greenpartyofalberta.ca/airdrie_cochrane	https://assets.nationbuilder.com/gpa/pages/234/attachments/original/1683439502/Michelle_Giles_Airdrie-Cochrane.png?1683439502
99	UCP	Amanpreet Singh	Gill	Calgary-Bhullar-McCall	No	Yes	M			
100	NDP	Gurinder Singh	Gill	Calgary-Cross	No	Yes	M		//gurindersinghgill.albertandp.ca	https://www.albertandp.ca/sites/default/files/headshots/gill-cropped.png
101	IPA	Brent	Ginther	Taber-Warner	No	No	M			
102	UCP	Nate	Glubish	Strathcona-Sherwood Park	Yes	Yes	M		/nate-glubish/	/wp-content/uploads/2019/10/glubish_website_headshot2.png
103	AP	Paul	Godard	Calgary-Bow	No	Yes	F			
104	NDP	Nicole	Goehring	Edmonton-Castle Downs	Yes	Yes	F		//nicolegoehring.albertandp.ca	https://www.albertandp.ca/sites/default/files/headshots/nicole-goehring-abndp-website-photo.jpg
105	GPA	Robert	Gooding-Townsend	Edmonton-Strathcona	No	No	M		https://www.greenpartyofalberta.ca/edmonton_strathcona	
106	AP	Angela	Grace	Calgary-Varsity	No	Yes	F			
107	NDP	Christina	Gray	Edmonton-Mill Woods	Yes	Yes	F		//christinagray.albertandp.ca	https://www.albertandp.ca/sites/default/files/headshots/christina-gray-abndp-website-photo.jpg
108	UCP	Inderjit	Grewal	Calgary-North East	No	Yes	M			
109	UCP	Peter	Guthrie	Airdrie-Cochrane	Yes	Yes	M		/peter-guthrie/	/wp-content/uploads/2019/10/guthrie_website_headshot2.png
110	WLC	Russel	Gwozdz	Edmonton-North West	No	No	M			
111	WLC	Joanne	Gwozdz	Edmonton-Riverview	No	No	F			
112	WLC	Rachelle	Gwozdz	Edmonton-Rutherford	No	No	F			
113	NDP	Sharif	Haji	Edmonton-Decore	No	Yes	M		//sharifhaji.albertandp.ca	https://www.albertandp.ca/sites/default/files/headshots/haji-cropped.png
114	NDP	Jessica	Hallam	Highwood	No	Yes	F		//jessicahallam.albertandp.ca	
115	GPA	Ahmad	Hassan	Calgary-Falconridge	No	Yes	M		https://www.greenpartyofalberta.ca/calgary_falconridge	https://assets.nationbuilder.com/gpa/pages/159/attachments/original/1674904968/Ahmed_Hassan.png
116	LIB	Dylin	Hauser	Livingston-MacLeod	No	Yes	M			
117	GPA	Cheri	Hawley	Edmonton-Whitemud	No	Yes	F		https://www.greenpartyofalberta.ca/edmonton_whitemud	https://assets.nationbuilder.com/gpa/pages/156/attachments/original/1674904838/Cheri_Hawley.png
118	UCP	Ali	Haymour	Edmonton-North West	No	Yes	M			
119	NDP	Julia	Hayter	Calgary-Edgemont	no	Yes	F		//juliahayter.albertandp.ca	https://www.albertandp.ca/sites/default/files/headshots/hayter-cropped3.png
120	LIB	Charlie	Heater	Calgary-Fish Creek	No	No	M			
121	IND	Larry	Heather	Calgary-Acadia	No	No	M			
122	NDP	Cam	Heenan	Leduc-Beaumont	No	Yes	M		//camheenan.albertandp.ca	https://www.albertandp.ca/sites/default/files/headshots/cam-heenan-abndp-website-photo-2.jpg
123	UCP	Daniel	Heikkinen	Edmonton-McClung	No	Yes	M			
124	NDP	Jason	Heistad	Innisfail-Sylvan Lake	No	Yes	M		//jasonheistad.albertandp.ca	https://www.albertandp.ca/sites/default/files/headshots/candidate-png-website-1000x1000-jason-heistad.png
125	WLC	Pamela 	Henson	Camrose	No	No	F			
126	PAPA	Lucas	Hernandez	Calgary-Mountain View	No	Yes	M			
127	GPA	Galloway	Hiatt	West Yellowhead	No	No	M		https://www.greenpartyofalberta.ca/west_yellowhead	https://assets.nationbuilder.com/gpa/pages/236/attachments/original/1683474511/Galloway_Hiatt_West_Yellowhead.png?1683474511
128	WLC	Paul	Hinman	Taber-Warner	No	Yes	M		https://wildroseloyaltycoalition.com/	https://i0.wp.com/wildroseloyaltycoalition.com/wp-content/uploads/2023/03/paul-white-background.jpg?resize=1080%2C1201&ssl=1
129	NDP	Jasmine	Hintz	Taber-Warner	No	Yes	F		//jazminnhintz.albertandp.ca	
130	NDP	Calen	Hobbs	Fort McMurray - Lac La Biche	No	Yes	M		//calanhobbs.albertandp.ca	
131	NDP	Sarah	Hoffman	Edmonton-Glenora	Yes	Yes	F		//sarahhoffman.albertandp.ca	https://www.albertandp.ca/sites/default/files/headshots/hoffman-cropped.png
132	NDP	Cathy	Hogg	Cypress-Medicine Hat	No	Yes	F		//cathyhogg.albertandp.ca	https://www.albertandp.ca/sites/default/files/headshots/candidate-png-website-1000x1000-cathy-hogg.png
133	WLC	Jon	Hokanson	Drayton Valley-Devon	No	Yes	M			
134	WLC	Hanna	Hokanson	Edmonton-McClung	No	No	F			
135	UCP	Nate	Horner	Drumheller-Stettler	Yes	Yes	M		/nate-horner/	/wp-content/uploads/2019/10/horner_website_headshot1.png
136	IND	Tim	Hoven	Rimbey-Rocky Mountain House-Sundre	No	No	M			
137	GPA	Kristina	Howard	Edmonton-West Henday	No	Yes	F		https://www.greenpartyofalberta.ca/edmonton_west_henday	https://assets.nationbuilder.com/gpa/pages/150/attachments/original/1674904463/Kristina_Howard.png
138	NDP	Rhiannon	Hoyle	Edmonton-South	No	Yes	F		//rhiannonhoyle.albertandp.ca	https://www.albertandp.ca/sites/default/files/headshots/hoyle-cropped.png
139	WLC	Patricia	Hozak	Edmonton-Whitemud	No	No	F			
140	WLC	Danny	Hozak	Vermilion-Lloydminster-Wainwright	No	No	M			
141	GPA	Joel	Hunt	Taber-Warner	No	Yes	M		https://www.greenpartyofalberta.ca/taber_warner	https://assets.nationbuilder.com/gpa/pages/178/attachments/original/1678943308/Joel_Hunt_.png
142	GPA	Michael	Hunter	Edmonton-Beverly-Clareview	No	Yes	M		https://www.greenpartyofalberta.ca/edmonton_beverly_clareview	https://assets.nationbuilder.com/gpa/pages/147/attachments/original/1674887642/Michael_Hunter1.png
143	UCP	Grant	Hunter	Taber-Warner	Yes	Yes	M		/grant-hunter/	/wp-content/uploads/2019/10/hunter_website_headshot1.png
144	NDP	Cheryl	Hunter Loewen	Olds-Didsbury-Three Hills	No	Yes	F		//cherylhunterloewen.albertandp.ca	https://www.albertandp.ca/sites/default/files/headshots/cheryl-hunter-loewen-abndp-website-photo.jpg
145	NDP	Justin	Huseby	Calgary-South East	No	Yes	M		//justinhuseby.albertandp.ca	https://www.albertandp.ca/sites/default/files/headshots/huseby-cropped.png
146	NDP	Nathan	Ip	Edmonton-South West	No	Yes	M		//nathanip.albertandp.ca	https://www.albertandp.ca/sites/default/files/headshots/nathan-ip-abndp-website-photo_0.jpg
147	NDP	Janis	Irwin	Edmonton-Highlands-Norwood	Yes	Yes	F		//janisirwin.albertandp.ca	https://www.albertandp.ca/sites/default/files/headshots/candidate-png-website-1000x1000-janis-irwin.png
148	UCP	Whitney	Issik	Calgary-Glenmore	Yes	Yes	F		/whitney-issik/	/wp-content/uploads/2019/10/issik_website_headshot1.png
149	AP	Janet	Jabush	Lac Ste Anne-Parkland	No	No	F		/janet_jabush	
150	AP	Wayne	Jackson	Calgary-Beddington	No	Yes	M			
151	BPA	Andrew	Jacobson	Edmonton-Strathcona	No	No	M			
152	WLC	Kenneth	Jansen	Calgary-Bow	No	No	M			
153	WLC	Kathleen	Jansen	Calgary-Buffalo	No	No	F			
154	UCP	Brian	Jean	Fort McMurray-Lac La Biche	Yes	Yes	M		/brian-jean/	/wp-content/uploads/2022/04/Jean-Website-01.png
155	IND	Daniel	Jeffries	Lacombe-Ponoka	No	Yes	M			
156	WLC	Daniel	Jeffries	Lacombe-Ponoka	No	Yes	M			
157	WLC	Leslie	Jeffries	Leduc-Beaumont	No	No	M			
158	GPA	Cameron	Jeffries	St. Albert	No	No	M		https://www.greenpartyofalberta.ca/st_albert	
159	NDP	Raj	Jessel	Chestermere-Strathmore	No	Yes	M		//rajjessel.albertandp.ca	https://www.albertandp.ca/sites/default/files/headshots/jessel-cropped6.png
160	UCP	Jennifer	Johnson	Lacombe-Ponoka	No	Yes	F			
161	WLC	Mark	Johnson	Sherwood Park	No	No	M			
162	UCP	Matt	Jones	Calgary-South East	Yes	Yes	M		/matt-jones/	/wp-content/uploads/2019/10/jones_website_headshot1.png
163	UCP	Nicholas	Kalynchuk	Edmonton-Highlands-Norwood	No	No	M			
164	NDP	Kyle	Kasawski	Sherwood Park	No	Yes	M		//kylekasawski.albertandp.ca	https://www.albertandp.ca/sites/default/files/headshots/kasawski-cropped_0.png
165	NDP	Samir	Kayande	Calgary-Elbow	No	Yes	M		//samirkayande.albertandp.ca	https://www.albertandp.ca/sites/default/files/headshots/kayande-abndp-website-photo.jpg
166	LIB	Leila	Keith	Calgary-Currie	No	Yes	F			
167	GPA	Christopher	Khan	Edmonton-Meadows	No	No	M			
168	LIB	Jean	Kijuli	Edmonton-Manning	No	No	M			
169	GPA	Kurt	Klingbeil	Morinville-St. Albert	No	Yes	M		Not listed	
170	GPA	Kristine	Kowalchuk	Edmonton-Highlands-Norwood	No	Yes	F		https://www.greenpartyofalberta.ca/edmonton_highlands_norwood	https://assets.nationbuilder.com/gpa/pages/149/attachments/original/1674904415/Kristine_Kowalchuk.png
171	IPA	Katherine	Kowalchuk	Olds-Didsbury-Three Hills	No	Yes	F			
172	NDP	Fred	Kreiner	West Yellowhead	No	Yes	M		//fredkreiner.albertandp.ca	https://www.albertandp.ca/sites/default/files/headshots/candidate-png-website-1000x1000-fred-kreiner.png
173	UCP	Adriana	LaGrange	Red Deer-North	Yes	Yes	F		/adriana-lagrange/	/wp-content/uploads/2019/10/lagrange_website_headshot1.png
174	IPA	Kerry	Lambert	Chestemere-Strathmore	No	Yes	F			
175	NDP	Danielle	Larivee	Lesser Slave Lake	No	Yes	F		//daniellelarivee.albertandp.ca	https://www.albertandp.ca/sites/default/files/headshots/larivee-cropped.png
176	UCP	Laine	Larson	Edmonton-Rutherford	No	Yes				
177	WLC	Lisa	Leaman	Edmonton-Mill Woods	No	No	F			
178	AP	Lynn	Lekisch	Central Peace-Notley	No	Yes	M			
179	IND	Graham	Lettner	Edmonton-Gold Bar	No	Yes	M			
180	IND	Andrew	Liniker	Edmonton-McClung	No	Yes	M			
181	NDP	Michael	Lisboa-Smith	Calgary-North West	no	Yes	M		//michaellisboasmith.albertandp.ca	https://www.albertandp.ca/sites/default/files/headshots/lisboa-smith-cropped.png
182	UCP	Todd	Loewen	Central Peace-Notley	Yes	Yes	M			
183	UCP	Martin	Long	West Yellowhead	Yes	Yes	M		/martin-long/	/wp-content/uploads/2019/10/long_website_headshot2.png
184	WIPA	Mike	Lorusso	Highwood	No	Yes	M			
185	UCP	Jackie	Lovely	Camrose	Yes	Yes			/jackie-lovely/	/wp-content/uploads/2019/10/lovely_website_headshot2.png
186	GPA	Taylor	Lowery	Lacombe-Ponoka	No	Yes	F		https://www.greenpartyofalberta.ca/lacombe_ponoka	https://assets.nationbuilder.com/gpa/pages/182/attachments/original/1678943945/Taylor_Announce_%281%29.png
187	NDP	Rod	Loyola	Edmonton-Ellerslie	Yes	Yes	M		//rodloyola.albertandp.ca	https://www.albertandp.ca/sites/default/files/headshots/rod-loyola-abndp-website-photo.jpg
188	UCP	Jason	Luan	Calgary-Foothills	Yes	Yes	M		/jason-luan/	/wp-content/uploads/2019/09/JasonLuan.jpg
189	AP	Braham	Luddu	Lethbridge-West	No	No	M			
190	UCP	Brandon	Lunty	Leduc-Beaumont	Yes	Yes				
191	GPA	Ashley	MacDonald	Red Deer-South	No	No	M		https://www.greenpartyofalberta.ca/red_deer_south	
192	UCP	Kaycee	Madu	Edmonton-South West	Yes	Yes	M		/kaycee-madu/	/wp-content/uploads/2019/10/madu_website_headshot1.png
193	GPA	Steven	Maffioli	Calgary-Glenmore	No	Yes	M		https://www.greenpartyofalberta.ca/calgary_glenmore	https://assets.nationbuilder.com/gpa/pages/145/attachments/original/1674885269/Steven_Maffioli.png
194	GPA	Ernestina	Malheiro	Edmonton-Gold Bar	No	Yes	F		https://www.greenpartyofalberta.ca/edmonton_gold_bar	https://assets.nationbuilder.com/gpa/pages/154/attachments/original/1674904753/Ernestina_Malheiro__%282%29.png	
195	WIPA	Jeevan	Mangat	Innisfail-Sylvan Lake	No	Yes	M			
196	UCP	Amrit	Matharu	Edmonton-Meadows	No	No	M			
197	UCP	Albert	Mazzocca	Edmonton-Manning	No	Yes	M			
198	UCP	Myles	McDougall	Calgary-Fish Creek	No	No	M			
199	UCP	Richard William (Ric)	McIver	Calgary-Hays	Yes	Yes	M		/ric-mciver/	/wp-content/uploads/2019/09/RicMcIver.jpg
200	GPA	Jason	McKee	Calgary-West	No	No	M		https://www.greenpartyofalberta.ca/calgary_west	
201	WLC	Brennan	Mclay	Edmonton-City Centre	No	No	M			
202	WLC	Logan	Mclay	Edmonton-Gold Bar	No	No	M			
203	WLC	Samantha	Mclay	Red Deer-North	No	No	F			
204	NDP	Kevin	McLean	Grande Prairie	No	Yes	M		//kevinmclean.albertandp.ca	
205	WLC	Kyle	Melin	Fort McMurray Lac La Biche	No	No	M			
206	WLC	Taras	Melysh	Airdrie-East	No	No	M			
207	NDP	Luanne	Metz	Calgary-Varsity	no	Yes	F		//luannemetz.albertandp.ca	https://www.albertandp.ca/sites/default/files/headshots/metz-cropped.png
208	AP	Preston	Mildenberger	Grande Prairie	No	No	M			
209	UCP	Nicholas	Milliken	Calgary-Currie	Yes	Yes	M		/nicholas-miliken/	/wp-content/uploads/2019/10/milliken_website_headshot1.png
210	NDP	Rob	Miyashiro	Lethbridge-East	No	Yes	M		//robmiyashiro.albertandp.ca	https://www.albertandp.ca/sites/default/files/headshots/miyashiro-cropped.png
211	GPA	Heather	Morigeau	Red Deer-North	No	Yes	F		https://www.greenpartyofalberta.ca/red_deer_north	https://assets.nationbuilder.com/gpa/pages/179/attachments/original/1678943503/Heather_Announce_%281%29_%281%29.png
212	WLC	Darryl	Morin	Edmonton-Decore	No	No	M			
213	WLC	Tyson	Morin	Edmonton-Manning	No	No	M			
214	AP	Barry	Morishita	Brooks-Medicine Hat	No	No	M			
215	LIB	Prince	Mugisha	Calgary-North East	No	No	M			
216	UCP	Dale	Nally	Morinville-St. Albert	Yes	Yes	M		/dale-nally/	/wp-content/uploads/2019/10/nally_website_headshot1.png
217	NDP	Dan	Nelles	Airdrie-East	No	Yes	M		//dannelles.albertandp.ca	https://www.albertandp.ca/sites/default/files/headshots/nelles-cropped.png
218	UCP	Nathan	Neudorf	Lethbridge-East	Yes	Yes	M		/nathan-neudorf/	/wp-content/uploads/2019/10/neudorf_website_headshot.png
219	UCP	Demetrios	Nicolaides	Calgary-Bow	Yes	Yes	M		/demetrios-nicolaides/	/wp-content/uploads/2019/09/DemetriosNicolaides.jpg
220	WLC	Robert	Nielsen	Edmonton-Strathcona	No	No	M			
221	UCP	Jeremy	Nixon	Calgary-Klein	Yes	Yes	M		/jeremy-nixon/	/wp-content/uploads/2019/10/Nixon-for-Website.jpg
222	UCP	Jason	Nixon	Rimbey-Rocky Mountain House-Sundre	Yes	Yes	M		/jason-nixon/	/wp-content/uploads/2019/10/min_nixon_website_headshot1.png
223	APA	Carol	Nordlund-Kinsey	Rimbey-Rocky Mountain House-Sundre	No	No	F		https://www.facebook.com/groups/281801902745707/	https://i0.wp.com/albertaadvantageparty.ca/wp-content/uploads/2023/01/Custom-dimensions-800x900-px-1.png?resize=768%2C864&ssl=1
224	NDP	Rachel	Notley	Edmonton-Strathcona	Yes	Yes	F			
225	IND	Conrad	Nunweiler	Peace River	No	Yes	M			
226	IPA	Nancy	O'Neill	Peace River	No	No	F			
227	WLC	Clayton	Orr	Banff-Kananaskis	No	No	M			
228	WLC	Bradley	Orr	Cardston-Siksika	No	No	M			
229	WLC	Matthew	Orr	Cypress-Medicine Hat	No	No	M			
230	WLC	Barbara	Orr	Edmonton-South West	No	No	F			
231	WLC	Kennedy	Orr	Lac Ste. Anne-Parkland	No	No	M			
232	NDP	Liana	Paiva	Peace River	No	Yes	F		//lianapaiva.albertandp.ca	https://www.albertandp.ca/sites/default/files/headshots/liana-paiva-abndp-website-photo.jpg
233	NDP	Rakhi	Pancholi	Edmonton-Whitemud	Yes	Yes	F		//rakhipancholi.albertandp.ca	https://www.albertandp.ca/sites/default/files/headshots/pancholi-cropped.png
234	UCP	Prasad	Panda	Calgary-Edgemont	Yes	Yes	M		/prasad-panda/	/wp-content/uploads/2019/10/panda_website_headshot1.png
235	GPA	Jonathan	Parks	Calgary-Buffalo	No	Yes	M		https://www.greenpartyofalberta.ca/calgary_buffalo	
236	UCP	Chelsae	Petrovic	Livingstone-Macleod	No	Yes	F			
237	NDP	Shannon	Phillips	Lethbridge-West	Yes	Yes	F		//shannonphillips.albertandp.ca	https://www.albertandp.ca/sites/default/files/headshots/shannon-phillips-abndp-website-photo.jpg
238	UCP	Angela	Pitt	Airdrie-East	Yes	Yes	F		/angela-pitt/	/wp-content/uploads/2019/10/pitt_website_headshot1.png
239	UCP	Josephine	Pon	Calgary-Beddington	Yes	Yes	F		/josephine-pon/	/wp-content/uploads/2019/10/pon_website_headshot1-1.png
240	IND	Matthew	Powell	Vermilion-Lloydminster-Wainwright	No	Yes	M			
241	WLC	Chris	Proskow	Fort McMurray Wood Buffalo	No	No	M			
242	GPA	Shaun	Pulsifer	Calgary-Peigan	No	Yes	M		https://www.greenpartyofalberta.ca/calgary_peigan	https://assets.nationbuilder.com/gpa/pages/184/attachments/original/1678944168/Shaun_Pulsifer_%281%29.png
243	NDP	Colleen	Quintal	Cardston-Siksika	No	Yes	F		//colleenquintal.albertandp.ca	
244	WLC	Brandon	Ralph	Central Peace-Notley	No	No	M			
245	NDP	Denis	Ram	Calgary-Peigan	No	Yes	M		//denisram.albertandp.ca	https://www.albertandp.ca/sites/default/files/headshots/denis-ram-abndp-website-photo.jpg
246	WLC	Buffy	Ramshaw	Maskwacis-Wetaskin	No	No	F			
247	CP-A	Naomi	Rankin	Edmonton-Highlands-Norwood	No	Yes	F		https://www.communistparty-alberta.ca/	
248	UCP	Pamela	Rath	Calgary-Mountain View	No	Yes	F			
249	NDP	Venkat	Ravulaparthi	Calgary-Lougheed	No	Yes	M		//venkatravulaparthi.albertandp.ca/	https://www.albertandp.ca/sites/default/files/headshots/venkat-ravulaparthi-png-website-1000x1000.png
250	IPA	David	Reid	Innisfail-Sylvan Lake	No	Yes	M			
251	NDP	Marie	Renaud	St. Albert	Yes	Yes	F		//marierenaud.albertandp.ca	https://www.albertandp.ca/sites/default/files/headshots/renaud-cropped_0.png
252	IND	Marie	Rittenhouse	Maskwacis-Wetaskiwin	No	No	F			
253	GPA	Lane	Robson	Calgary-Currie	no	Yes	M		https://www.greenpartyofalberta.ca/calgary_currie	
254	LIB	John	Roggeveen	Calgary-Lougheed	No	Yes	M			
255	WLC	Shawna	Rooney	Highwood	No	No	F			
256	UCP	Miranda	Rosin	Banff-Kananaskis	Yes	Yes	F		/miranda-rosin/	/wp-content/uploads/2019/10/Miranda-Rosin.png
257	UCP	Garth	Rowswell	Vermilion-Lloydminster-Wainwright	Yes	Yes	M		/garth-rowswell/	/wp-content/uploads/2019/10/rowswell_website_headshot1.png
258	NDP	Taneen	Rudyk	Fort Saskatchewan-Vegreville	No	Yes	F		//taneenrudyk.albertandp.ca	https://www.albertandp.ca/sites/default/files/headshots/candidate-png-website-1000x1000-taneen-rudyk.png
259	AP	Wayne	Rufiange	Morinville-St. Alberta	No	No	M			
260	NDP	Irfan	Sabir	Calgary-Bhullar-McCall	Yes	Yes	M		//irfansabir.albertandp.ca	https://www.albertandp.ca/sites/default/files/headshots/sabir-cropped2.png
261	GPA	Aman	Sandhu	Calgary-Cross	No	No				
262	NDP	Chantal	Saramaga-McKenzie	Spruce Grove-Stony Plain	No	Yes	F		//chantalsaramagamckenzie.albertandp.ca	https://www.albertandp.ca/sites/default/files/headshots/chantal-saramaga-mckenzie-abndp-website-photo_1.jpg
263	UCP	Rajan	Sawhney	Calgary-North West	no	Yes	F			
264	NDP	Marlin	Schmidt	Edmonton-Gold Bar	Yes	Yes	M		//marlinschmidt.albertandp.ca	https://www.albertandp.ca/sites/default/files/headshots/marlin-schmidt-abndp-website-photo.jpg
265	UCP	Joseph	Schow	Cardston-Siksika	Yes	Yes	M		/joseph-schow/	/wp-content/uploads/2019/10/schow_website_headshot1.png
266	AP	Allen	Schultz	Calgary-Edgemont	No	Yes	M			
267	GPA	Julian	Schultz	Edmonton-Glenora	No	Yes	M		https://www.greenpartyofalberta.ca/edmonton_glenora	https://assets.nationbuilder.com/gpa/pages/181/attachments/original/1678943865/Julian_Schulz.png
268	UCP	Rebecca	Schulz	Calgary-Shaw	Yes	Yes	F		/rebecca-schulz/	/wp-content/uploads/2019/09/RebeccaSchulz.jpg
269	IND	Fred	Schwieger	Rimbey-Rocky Mountain House-Sundre	No	No	M			
270	WLC	Donna	Scott	Calgary-Acadia	No	No	F			
271	UCP	Cheryl	Seaborn	Lethbridge-West	No	Yes	F			
272	UCP	Tyler	Shandro	Calgary-Acadia	Yes	Yes	M		/tyler-shandro/	/wp-content/uploads/2019/10/shandro_website_headshot1.png
273	NDP	Karen	Shaw	Morinville-St. Albert	No	Yes	F		//karenshaw.albertandp.ca	https://www.albertandp.ca/sites/default/files/headshots/shaw-cropped.png
274	NDP	David	Shepherd	Edmonton-City Centre	Yes	Yes	M		//davidshepherd.albertandp.ca	https://www.albertandp.ca/sites/default/files/headshots/shepherd-cropped.png
275	UCP	Raj	Sherman	Edmonton-Whitemud	No	Yes	M			
276	NDP	Lori	Sigurdson	Edmonton-Riverview	Yes	Yes	F		//lorisigurdson.albertandp.ca	https://www.albertandp.ca/sites/default/files/headshots/sigurdson-cropped.png
277	UCP	R. J.	Sigurdson	Highwood	Yes	Yes	M		/rj-sigurdson/	/wp-content/uploads/2019/10/sigurdson_website_headshot2.png
278	WLC	Oneil	Simon	St. Albert	No	No	M			
279	UCP	scott	Sinclair	Lesser Slave Lake	No	No	M			
280	UCP	Peter	Singh	Calgary-East	Yes	Yes	M		/peter-singh/	/wp-content/uploads/2019/10/singh_website_headshot1.JPG.png
281	NDP	Harry	Singh	Drayton Valley-Devon	No	Yes	M		//harrysingh.albertandp.ca	
282	NDP	Parmeet	Singh Boparai	Calgary-Falconridge	no	Yes	M		//parmeetsinghboparai.albertandp.ca	https://www.albertandp.ca/sites/default/files/headshots/boparai-cropped.png
283	UCP	Danielle	Smith	Brooks-Medicine Hat	Yes	Yes	F		/danielle-smith/	/wp-content/uploads/2019/10/pds.png
284	LIB	Jacob	Stacey	Sherwood Park	No	No	M			
285	UCP	Jason	Stephan	Red Deer-South	Yes	Yes	M		/jason-stephan/	/wp-content/uploads/2019/10/stephan_website_headshot1.png
286	NDP	Andrew	Stewart	Calgary-Hays	No	Yes	M		//andrewstewart.albertandp.ca	https://www.albertandp.ca/sites/default/files/headshots/stewart-cropped.png
287	AP	Patrick	Stewart	Edmonton-Castle Downs	No	Yes	F			
288	WLC	Angela	Stretch	Edmonton-Elleslie	No	Yes	F			
289	WLC	Grace	Stretch	Grande Prairie-Wapiti	No	No	F			
290	WLC	Jesse	Stretch	Red Deer-South	No	Yes	M			
291	UCP	Luke	Suvanto	Edmonton-Beverly-Clareview	Yes	Yes	M			
292	NDP	Katherine	Swampy	Maskwacis-Wetaskiwin	No	Yes	F		//katherineswampy.albertandp.ca	
293	NDP	Heather	Sweet	Edmonton-Manning	Yes	Yes	F		//heathersweet.albertandp.ca	https://www.albertandp.ca/sites/default/files/headshots/sweet-cropped-2.png
294	GPA	Terence	Syvensky	Edmonton-McClung	No	No	M		https://www.greenpartyofalberta.ca/edmonton_mcclung	
295	IND	Angela	Tabak	Cardston-Siksika	No	No	F			
296	GPA	Evelyn	Tanaka	Calgary-Hays	No	Yes	F		https://www.greenpartyofalberta.ca/calgary_hays	https://assets.nationbuilder.com/gpa/pages/153/attachments/original/1674904686/Evelyn_Tanaka.png
297	WLC	Cameron	Tatlock	Olds-Didsbury-Three Hills	No	Yes	M			
298	WLC	Tami	Tatlock	Rimbey-Rocky Mountain House-Sundre	No	Yes	F			
299	NDP	Lizette	Tejada	Calgary-Klein	no	Yes	F		//lizettetejada.albertandp.ca	https://www.albertandp.ca/sites/default/files/headshots/candidate-png-website-1000x1000-lizette-tejada.png
300	GPA	Derek	Thompson	Edmonton-Manning	No	Yes	M			
301	AP	Sue	Timanson	Sherwood Park	No	No	F			
302	NDP	Landen	Tischer	Athabasca-Barrhead-Westlock	No	Yes	M		//landentischer.albertandp.ca/	https://www.albertandp.ca/sites/default/files/headshots/landen-tischer-png-website-1000x1000.png
303	WLC	James	Tobin	Calgary-North East	No	No	M			
304	AP	Kevin	Todd	Livingstone-Macleod	No	Yes	M			
305	NDP	Bill	Tonita	Strathcona-Sherwood Park	No	Yes	M		//billtonita.albertandp.ca	https://www.albertandp.ca/sites/default/files/headshots/tonita-cropped.png
306	IPA	Corrie	Toone	Livingstone-Macleod	No	Yes	F			
307	UCP	Devinder	Toor	Calgary-Falconridge	Yes	Yes	M		/devinder-toor/	/wp-content/uploads/2019/10/toor_website_headshot2.png
308	CP-A	Jonathan	Trautman	Calgary-East	No	No	M		https://www.communistparty-alberta.ca/	
309	WLC	William	Tufts	Lesser Slave Lake	No	No	M			
310	UCP	Searle	Turton	Spruce Grove-Stony Plain	Yes	Yes	M		/searle-turton/	/wp-content/uploads/2019/10/turton_website_headshot1.png
311	NDP	Jaelene	Tweedle	Red Deer-North	No	Yes	F		//jaelenetweedle.albertandp.ca	https://www.albertandp.ca/sites/default/files/headshots/jaelene-tweedle-abndp-website-photo.jpg
312	AP	Brent	Tyson	Edmonton-Decore	No	Yes	M			
313	NDP	Rosman	Valencia	Calgary-East	no	Yes	M		//rosmanvalencia.albertandp.ca	https://www.albertandp.ca/sites/default/files/headshots/valencia-cropped.png
314	UCP	Glenn	Van Dijken	Athabasca-Barrhead-Westlock	Yes	Yes	M		/glenn-van-dijken/	/wp-content/uploads/2019/09/GlennvanDijken.jpg
315	NDP	Kevin	Van Tighem	Livingstone-Macleod	No	Yes	M		//kevinvantighem.albertandp.ca	https://www.albertandp.ca/sites/default/files/headshots/van-tighem-cropped-3.png
316	UCP	Terrence	Vankka	Edmonton-Riverview	No	Yes	M			
317	WLC	Maxime	Viens	Calgary-Beddington	No	No	M			
318	WLC	Hanna	Viens	Drumheller-Stetler	No	No	F			
319	WLC	Ron	Voss	Airdrie-Cochrane	No	Yes	M		Dog With A Bone Society	
320	UCP	Jordan	Walker	Sherwood Park	Yes	Yes	M		/jordan-walker/	/wp-content/uploads/2019/10/walker_website_headshot1.png
321	IND	Shaoli	Wang	Calgary-Foothills	No	No	M			
322	UCP	Ron	Wiebe	Grande Prairie-Wapiti	Yes	Yes	M			
323	WLC	Joni	Wilde	Calgary-Hays	No	No	F			
324	GPA	Jordan	Wilkie	Edmonton-Rutherford	No	Yes	M		https://www.greenpartyofalberta.ca/edmonton_rutherford	https://assets.nationbuilder.com/gpa/pages/188/attachments/original/1678944467/Jordan_Announce_%281%29.png
325	UCP	Dan	Williams	Peace River	Yes	Yes	M		/dan-williams/	/wp-content/uploads/2019/10/williams_website_headshot1.png
326	LIB	Donna	Wilson	Edmonton-Whitemud	No	Yes	F			
327	UCP	Rick	Wilson	Maskwacis-Wetaskiwin	Yes	Yes	M		/richard-wilson/	/wp-content/uploads/2019/09/RickWilson.jpg
328	APA	Dale	Withers	Drayton Valley-Devon	No	No	M			
329	IPA	Terry	Wolsey	Cardston-Siksika	No	Yes				
330	UCP	Richard	Wong	Edmonton-City Centre	No	Yes	M			
331	UCP	Angela	Wood	St. Albert	No	Yes	F			
332	WLC	Klaas	Workema	Edmonton-Meadows	No	No	M			
